Model,Accuracy,Precision,Recall,F1 Score,ROC-AUC
Logistic Regression,0.9133489461358314,0.9208103130755064,0.9416195856873822,0.931098696461825,0.9730166226466798
KNN,0.8934426229508197,0.9,0.9322033898305084,0.9158186864014801,0.9573385107834391
Decision Tree,0.9941451990632318,0.9943609022556391,0.9962335216572504,0.9952963311382879,0.9934727979803281
Random Forest,0.9953161592505855,0.9925233644859813,1.0,0.9962476547842402,0.9996064438264156
SVM,0.9437939110070258,0.9463955637707948,0.9642184557438794,0.9552238805970149,0.9882807717199279
